"model","term","estimate","std_error","p_value","conf_low_log","conf_high_log","odds_ratio","conf_low","conf_high","significance","estimate_ci"
"Model 1","(Intercept)",-5.05090035776286,0.0673791845742791,0,-5.18305439968768,-4.91874631583804,0.00640356535019799,0.00561084245950295,0.00730828739003462,"***","0.006 [0.006, 0.007]***"
"Model 1","time_5_c",-0.210114800251994,0.0211361349256078,1.11812715736746e-22,-0.251570120299807,-0.16865948020418,0.810491196035668,0.777578931630291,0.844796524352921,"***","0.810 [0.778, 0.845]***"
"Model 1","time_5_c_sq",0.0326037712756623,0.00409670930732669,3.13694259246748e-15,0.0245686978776247,0.0406388446736998,1.03314109795116,1.02487299528847,1.0414759030462,"***","1.033 [1.025, 1.041]***"
"Model 2","(Intercept)",-5.08005113886008,0.066145323857838,0,-5.20978525727123,-4.95031702044892,0.00621959094501868,0.00546284666829212,0.0070811636994842,"***","0.006 [0.005, 0.007]***"
"Model 2","time_5_c",-0.197428407801635,0.0233223369832509,5.41057307406628e-17,-0.243171669023138,-0.151685146580133,0.820838904185847,0.784136890202591,0.859258778720313,"***","0.821 [0.784, 0.859]***"
"Model 2","time_5_c_sq",0.0333197250846762,0.00483670589022141,7.86845694545002e-12,0.0238332529036565,0.0428061972656959,1.03388104410751,1.0241195346935,1.04373559643577,"***","1.034 [1.024, 1.044]***"
"Model 2","route_simplifiednon_owner_exit",1.15390203054602,0.211611182748111,5.67658371005847e-08,0.738858477372535,1.56894558371951,3.17054034927014,2.09354432173884,4.80158265672676,"***","3.171 [2.094, 4.802]***"
"Model 2","route_simplifiedrepeated_dogs_loop",-0.148219648245948,0.415417963364726,0.721288150107396,-0.962999591951588,0.666560295459693,0.862241704263021,0.381746084384299,1.94752686925262,"","0.862 [0.382, 1.948]"
"Model 3","(Intercept)",-5.95228747739522,0.0982774055670661,0,-6.14504416717044,-5.75953078762,0.00259988652953079,0.00214408119182243,0.00315259048594622,"***","0.003 [0.002, 0.003]***"
"Model 3","time_5_c",-0.137940252159889,0.0165533296213165,1.5966521989548e-16,-0.170407175804772,-0.105473328515007,0.87115073956601,0.843321366622733,0.899898474155356,"***","0.871 [0.843, 0.900]***"
"Model 3","time_5_c_sq",0.0120582712990965,0.00607006121103937,0.0471355806141899,0.000152738190833293,0.0239638044073597,1.01213126535143,1.0001527498559,1.02425324376649,"*","1.012 [1.000, 1.024]*"
"Model 3","route_simplifiednon_owner_exit",1.41479073537658,0.160884769997574,3.45505636700357e-18,1.09923890002805,1.73034257072512,4.1156251211108,3.00188042316554,5.64258656234429,"***","4.116 [3.002, 5.643]***"
"Model 3","route_simplifiedrepeated_dogs_loop",0.201399600787908,0.268496915627423,0.453297585202997,-0.325217645287852,0.728016846863667,1.22311343127331,0.722370116079836,2.07096948290125,"","1.223 [0.722, 2.071]"
"Model 3","has_text_entry",1.04811386729806,0.106288186571743,2.39327189775978e-22,0.839645207715888,1.25658252688024,2.85226628868643,2.31554529342263,3.51339401767952,"***","2.852 [2.316, 3.513]***"
"Model 3","financial_sensitivity",1.09057590990692,0.142047008451925,2.71001811410029e-14,0.811971575739985,1.36918024407385,2.97598747980408,2.25234427933518,3.93212599033253,"***","2.976 [2.252, 3.932]***"
"Model 3","privacy_levelMedium",-1.38680532805275,0.229499680168016,1.85584697455649e-09,-1.83693522717255,-0.936675428932957,0.249872290897128,0.15930491207428,0.391928666512596,"***","0.250 [0.159, 0.392]***"
"Model 3","privacy_levelHigh",2.00186359125083,0.0903775518591953,8.95269664611108e-96,1.82460130368994,2.17912587881171,7.40283911819654,6.20032248054746,8.83857689367508,"***","7.403 [6.200, 8.839]***"
"Model 4","(Intercept)",-6.04123051683362,0.109137965725199,0,-6.2552887772142,-5.82717225645305,0.0023786301675886,0.00192027134537047,0.00294639686615278,"***","0.002 [0.002, 0.003]***"
"Model 4","time_5_c",-0.134986542567837,0.0183014462298584,2.53784043904514e-13,-0.170882169872053,-0.0990909152636209,0.873727669739762,0.84292088909653,0.905660365929609,"***","0.874 [0.843, 0.906]***"
"Model 4","time_5_c_sq",0.0138100512003311,0.00604368833325589,0.0224328318913767,0.00195623477354741,0.0256638676271147,1.01390585044693,1.00195814944911,1.0259960200291,"*","1.014 [1.002, 1.026]*"
"Model 4","route_simplifiednon_owner_exit",1.41618645508706,0.164493894606854,1.6403622639469e-17,1.09355558425492,1.73881732591919,4.12137339076673,2.98486817758075,5.69060930519454,"***","4.121 [2.985, 5.691]***"
"Model 4","route_simplifiedrepeated_dogs_loop",0.111176816539465,0.275328682781153,0.686412793787036,-0.428840385333302,0.651194018412232,1.1175924982233,0.651263872151286,1.91782938605084,"","1.118 [0.651, 1.918]"
"Model 4","has_text_entry",0.906273425720185,0.128069342011724,2.15123301583097e-12,0.655084021767564,1.1574628296728,2.47508174985642,1.9253042780491,3.18185013055691,"***","2.475 [1.925, 3.182]***"
"Model 4","financial_sensitivity",0.943619410868721,0.151464590183769,5.86271688512669e-10,0.64654362730839,1.24069519442905,2.56926383119811,1.90893143484751,3.45801662322673,"***","2.569 [1.909, 3.458]***"
"Model 4","privacy_levelMedium",-1.33238570457128,0.232592256017465,1.19570594856088e-08,-1.78858161559324,-0.876189793549313,0.263847048737946,0.167197151394109,0.416366334876306,"***","0.264 [0.167, 0.416]***"
"Model 4","privacy_levelHigh",2.16874925068015,0.106723627522105,2.14939089551438e-82,1.95942636384526,2.37807213751504,8.74733647069393,7.09525580230118,10.7840925631907,"***","8.747 [7.095, 10.784]***"
"Model 4","prompt_wc_10",0.0168308914502161,0.0115400350873099,0.144892700120997,-0.00580321043271802,0.0394649933331503,1.01697332889805,0.994213595667451,1.04025408241945,"","1.017 [0.994, 1.040]"
"Model 4","is_long_choice",0.407182734557319,0.112231926834435,0.000293974730694964,0.187056119060107,0.62730935005453,1.50257865362159,1.20569494561851,1.87256537694208,"***","1.503 [1.206, 1.873]***"
